id,value
1,0
2,1
3,1
4,1
5,1
6,0
7,0
8,1
9,1
10,0
11,1
12,1
13,1
14,1
15,1
16,1
17,1
18,1
19,1
20,1
21,1
22,1
23,0
24,1
25,1
26,0
27,1
28,1
29,1
30,1
31,1
32,0
33,1
34,0
35,0
36,1
37,1
38,1
39,1
40,1
41,1
42,1
43,1
44,1
45,1
46,1
47,1
48,1
49,1
50,0
51,1
52,1
53,1
54,1
55,1
56,1
57,1
58,1
59,1
60,1
61,1
62,1
63,1
64,1
65,0
66,1
67,1
68,1
69,1
70,1
71,1
72,1
73,1
74,1
75,1
76,1
77,0
78,1
79,1
80,1
81,1
82,1
83,1
84,1
85,1
86,1
87,1
88,1
89,1
90,1
91,1
92,1
93,1
94,1
95,1
96,1
97,1
98,1
99,1
100,1
101,1
102,1
103,1
104,1
105,1
106,0
107,1
108,1
109,1
110,1
111,1
112,1
113,1
114,1
115,1
116,0
117,1
118,1
119,0
120,1
121,0
122,1
123,1
124,1
125,0
126,1
127,0
128,1
129,1
130,1
131,1
132,1
133,1
134,1
135,1
136,1
137,1
138,1
139,1
140,1
141,1
142,1
143,0
144,1
145,1
146,1
147,1
148,1
149,1
150,1
151,1
152,1
153,1
154,0
155,1
156,1
157,1
158,1
159,1
160,1
161,1
162,1
163,1
164,1
165,1
166,1
167,1
168,0
169,0
170,1
171,1
172,1
173,1
174,1
175,1
176,0
177,1
178,1
179,1
180,1
181,0
182,1
183,1
184,1
185,1
186,1
187,1
188,1
189,1
190,1
191,1
192,1
193,1
194,1
195,0
196,0
197,1
198,1
199,1
200,0
201,1
202,1
203,1
204,1
205,1
206,1
207,1
208,1
209,1
210,1
211,1
212,1
213,1
214,0
215,1
216,1
217,1
218,1
219,1
220,1
221,1
222,1
223,1
224,1
225,1
226,1
227,1
228,0
229,1
230,1
231,1
232,1
233,1
234,1
235,1
236,0
237,1
238,1
239,1
240,1
241,0
242,1
243,1
244,1
245,1
246,1
247,1
248,1
249,1
250,1
251,1
252,1
253,1
254,1
255,1
256,1
257,1
258,1
259,1
260,1
261,1
262,1
263,1
264,1
265,1
266,1
267,1
268,1
269,1
270,1
271,1
272,1
273,1
274,0
275,1
276,0
277,1
278,0
279,1
280,0
281,0
282,1
283,1
284,1
285,1
286,1
287,1
288,1
289,0
290,1
291,1
292,1
293,1
294,1
295,0
296,1
297,1
298,1
299,1
300,1
301,1
302,1
303,1
304,1
305,1
306,1
307,1
308,1
309,1
310,1
311,1
312,1
313,1
314,1
315,1
316,1
317,1
318,0
319,1
320,1
321,1
322,1
323,1
324,0
325,1
326,1
327,1
328,1
329,1
330,1
331,1
332,1
333,1
334,1
335,0
336,1
337,0
338,1
339,1
340,1
341,0
342,1
343,1
344,0
345,1
346,1
347,1
348,1
349,1
350,1
351,1
352,0
353,1
354,1
355,1
356,1
357,1
358,1
359,1
360,1
361,1
362,1
363,1
364,1
365,1
366,1
367,1
368,1
369,1
370,0
371,0
372,1
373,0
374,1
375,1
376,1
377,1
378,1
379,1
380,1
381,1
382,1
383,1
384,1
385,1
386,1
387,0
388,1
389,1
390,1
391,1
392,1
393,1
394,1
395,1
396,1
397,1
398,1
399,1
400,1
401,1
402,1
403,1
404,1
405,1
406,1
407,0
408,1
409,1
410,1
411,1
412,1
413,0
414,0
415,1
416,1
417,1
418,1
419,1
420,0
421,1
422,1
423,1
424,0
425,0
426,1
427,0
428,0
429,1
430,1
431,1
432,1
433,0
434,1
435,1
436,1
437,1
438,1
439,1
440,1
441,1
442,1
443,1
444,1
445,1
446,1
447,1
448,1
449,1
450,1
451,1
452,1
453,1
454,1
455,1
456,1
457,1
458,1
459,1
460,1
461,1
462,1
463,1
464,1
465,1
466,0
467,1
468,1
469,1
470,1
471,0
472,1
473,1
474,1
475,1
476,1
477,1
478,1
479,1
480,1
481,1
482,1
483,1
484,1
485,1
486,1
487,1
488,1
489,1
490,1
491,1
492,1
493,1
494,1
495,0
496,1
497,1
498,1
499,1
500,1
501,1
502,1
503,1
504,1
505,1
506,1
507,1
508,1
509,1
510,1
511,1
512,1
513,1
514,1
515,1
516,1
517,1
518,1
519,1
520,1
521,1
522,1
523,1
524,1
525,1
526,1
527,1
528,1
529,1
530,0
531,1
532,1
533,1
534,1
535,1
536,1
537,1
538,1
539,0
540,1
541,1
542,1
543,1
544,1
545,1
546,1
547,1
548,1
549,1
550,1
551,1
552,0
553,1
554,1
555,1
556,1
557,0
558,1
559,1
560,1
561,1
562,1
563,1
564,1
565,0
566,1
567,1
568,0
569,1
570,1
571,1
572,0
573,1
574,1
575,1
576,1
577,1
578,1
579,0
580,1
581,1
582,0
583,1
584,1
585,1
586,1
587,1
588,1
589,1
590,1
591,0
592,1
593,1
594,0
595,1
596,1
597,1
598,1
599,1
600,1
601,1
602,1
603,1
604,1
605,1
606,1
607,1
608,1
609,1
610,1
611,1
612,1
613,1
614,1
615,1
616,1
617,1
618,1
619,0
620,1
621,1
622,1
623,0
624,0
625,1
626,0
627,1
628,1
629,1
630,1
631,1
632,1
633,1
634,1
635,1
636,1
637,1
638,1
639,1
640,1
641,1
642,1
643,1
644,1
645,1
646,0
647,1
648,1
649,1
650,0
651,0
652,0
653,1
654,1
655,1
656,0
657,0
658,0
659,1
660,1
661,1
662,0
663,1
664,1
665,1
666,1
667,1
668,1
669,1
670,0
671,1
672,1
673,0
674,1
675,1
676,1
677,1
678,1
679,1
680,1
681,1
682,1
683,0
684,1
685,1
686,1
687,1
688,1
689,1
690,1
691,1
692,1
693,1
694,1
695,1
696,1
697,1
698,1
699,1
700,1
701,1
702,1
703,1
704,1
705,1
706,1
707,1
708,1
709,1
710,1
711,0
712,1
713,1
714,1
715,1
716,1
717,1
718,0
719,1
720,1
721,1
722,1
723,1
724,1
725,1
726,1
727,1
728,1
729,1
730,1
731,1
732,0
733,1
734,1
735,1
736,1
737,1
738,1
739,1
740,1
741,1
742,1
743,1
744,1
745,1
746,1
747,1
748,1
749,0
750,1
751,1
752,1
753,1
754,1
755,1
756,1
757,1
758,0
759,1
760,1
761,1
762,1
763,1
764,1
765,1
766,1
767,1
768,1
769,1
770,1
771,1
772,0
773,1
774,1
775,1
776,0
777,1
778,1
779,1
780,1
781,1
782,1
783,1
784,1
785,1
786,1
787,1
788,1
789,1
790,1
791,0
792,0
793,1
794,1
795,1
796,1
797,1
798,0
799,1
800,0
801,1
802,1
803,1
804,1
805,1
806,1
807,1
808,1
809,1
810,1
811,1
812,1
813,1
814,1
815,1
816,1
817,1
818,0
819,0
820,1
821,1
822,1
823,1
824,1
825,1
826,1
827,1
828,1
829,1
830,1
831,0
832,1
833,1
834,1
835,1
836,1
837,1
838,1
839,1
840,1
841,1
842,1
843,1
844,1
845,1
846,0
847,1
848,1
849,1
850,1
851,0
852,0
853,0
854,0
855,1
856,1
857,1
858,1
859,1
860,1
861,0
862,1
863,1
864,0
865,0
866,1
867,1
868,1
869,1
870,1
871,1
872,1
873,1
874,0
875,1
876,1
877,1
878,1
879,0
880,1
881,1
882,0
883,0
884,1
885,1
886,1
887,0
888,1
889,1
890,1
891,1
892,1
893,1
894,1
895,1
896,1
897,1
898,1
899,1
900,1
901,1
902,0
903,0
904,1
905,1
906,0
907,0
908,0
909,1
910,1
911,1
912,0
913,1
914,1
915,0
916,1
917,1
918,1
919,1
920,1
921,1
922,1
923,1
924,1
925,0
926,1
927,1
928,1
929,0
930,1
931,1
932,1
933,1
934,0
935,1
936,1
937,1
938,1
939,1
940,1
941,1
942,1
943,1
944,1
945,1
946,0
947,1
948,1
949,0
950,1
951,1
952,0
953,0
954,1
955,0
956,1
957,1
958,1
959,1
960,1
961,0
962,1
963,1
964,1
965,0
966,1
967,1
968,1
969,1
970,1
971,0
972,1
973,1
974,0
975,1
976,1
977,1
978,1
979,1
980,0
981,1
982,1
983,1
984,1
985,1
986,1
987,1
988,0
989,1
990,0
991,1
992,1
993,1
994,0
995,0
996,1
997,1
998,0
999,0
1000,0
1001,1
1002,1
1003,1
1004,1
1005,1
1006,1
1007,1
1008,1
1009,0
1010,0
1011,1
1012,0
1013,0
1014,1
1015,1
1016,1
1017,1
1018,1
1019,0
1020,1
1021,1
1022,1
1023,0
1024,1
1025,1
1026,0
1027,1
1028,1
1029,0
1030,0
1031,1
1032,1
1033,0
1034,1
1035,1
1036,1
1037,1
1038,1
1039,1
1040,1
1041,1
1042,1
1043,1
1044,1
1045,1
1046,1
1047,0
1048,1
1049,1
1050,1
1051,0
1052,0
1053,0
1054,1
1055,1
1056,1
1057,0
1058,1
1059,1
1060,1
1061,1
1062,0
1063,1
1064,1
1065,1
1066,1
1067,0
1068,0
1069,1
1070,1
1071,0
1072,1
1073,1
1074,1
1075,0
1076,0
1077,0
1078,0
1079,0
1080,0
1081,1
1082,1
1083,0
1084,0
1085,0
1086,0
1087,1
1088,1
1089,1
1090,1
1091,1
1092,0
1093,0
1094,1
1095,0
1096,0
1097,1
1098,0
1099,1
1100,0
1101,1
1102,1
1103,1
1104,1
1105,1
1106,0
1107,1
1108,0
1109,0
1110,0
1111,0
1112,0
1113,0
1114,0
1115,0
1116,0
1117,0
1118,0
1119,0
1120,0
1121,0
1122,0
1123,0
1124,0
1125,0
1126,0
1127,0
1128,1
1129,1
1130,0
1131,0
1132,0
1133,0
1134,0
1135,0
1136,0
1137,0
1138,0
1139,0
1140,0
1141,0
1142,0
1143,0
1144,0
1145,0
1146,0
1147,0
1148,0
1149,0
1150,0
1151,0
1152,0
1153,0
1154,0
1155,0
1156,0
1157,0
1158,0
1159,0
1160,0
1161,0
1162,1
1163,0
1164,0
1165,0
1166,0
1167,0
1168,0
1169,0
1170,0
1171,1
1172,0
1173,0
1174,1
1175,0
1176,0
1177,0
1178,0
1179,0
1180,0
1181,0
1182,0
1183,0
1184,0
1185,0
1186,0
1187,0
1188,0
1189,0
1190,0
1191,0
1192,1
1193,0
1194,0
1195,0
1196,1
1197,0
1198,0
1199,0
1200,0
1201,0
1202,0
1203,0
1204,0
1205,0
1206,1
1207,0
1208,0
1209,0
1210,0
1211,0
1212,0
1213,0
1214,1
1215,1
1216,1
1217,0
1218,0
1219,1
1220,0
1221,0
1222,0
1223,0
1224,0
1225,0
1226,0
1227,0
1228,0
1229,0
1230,0
1231,0
1232,0
1233,0
1234,0
1235,0
1236,0
1237,0
1238,1
1239,1
1240,0
1241,0
1242,0
1243,0
1244,0
1245,0
1246,0
1247,0
1248,0
1249,0
1250,0
1251,0
1252,0
1253,0
1254,0
1255,0
1256,0
1257,0
1258,0
1259,0
1260,0
1261,0
1262,0
1263,0
1264,0
1265,0
1266,0
1267,0
1268,0
1269,0
1270,0
1271,1
1272,0
1273,0
1274,0
1275,0
1276,0
1277,1
1278,1
1279,0
1280,0
1281,0
1282,0
1283,0
1284,0
1285,0
1286,0
1287,0
1288,0
1289,0
1290,0
1291,0
1292,0
1293,0
1294,0
1295,0
1296,0
1297,1
1298,0
1299,0
1300,0
1301,0
1302,0
1303,0
1304,0
1305,0
1306,0
1307,0
1308,0
1309,0
1310,0
1311,0
1312,0
1313,0
1314,0
1315,0
1316,1
1317,0
1318,0
1319,0
1320,0
1321,0
1322,0
1323,0
1324,0
1325,0
1326,0
1327,0
1328,0
1329,0
1330,0
1331,0
1332,0
1333,0
1334,0
1335,0
1336,0
1337,1
1338,0
1339,0
1340,0
1341,0
1342,0
1343,0
1344,0
1345,0
1346,0
1347,0
1348,1
1349,0
1350,0
1351,1
1352,1
1353,0
1354,0
1355,0
1356,0
1357,0
1358,1
1359,1
1360,1
1361,0
1362,0
1363,1
1364,0
1365,0
1366,1
1367,0
1368,0
1369,0
1370,1
1371,0
1372,0
1373,0
1374,0
1375,0
1376,0
1377,0
1378,0
1379,0
1380,0
1381,0
1382,0
1383,1
1384,0
1385,0
1386,0
1387,0
1388,0
1389,0
1390,0
1391,0
1392,0
1393,0
1394,0
1395,0
1396,0
1397,0
1398,0
1399,0
1400,0
1401,0
1402,0
1403,0
1404,0
1405,0
1406,0
1407,0
1408,0
1409,0
1410,0
1411,0
1412,0
1413,0
1414,0
1415,0
1416,0
1417,0
1418,0
1419,0
1420,0
1421,0
1422,0
1423,0
1424,0
1425,0
1426,0
1427,0
1428,0
1429,0
1430,0
1431,0
1432,0
1433,0
1434,0
1435,0
1436,0
1437,0
1438,0
1439,0
1440,0
1441,0
1442,0
1443,0
1444,0
1445,0
1446,0
1447,0
1448,0
1449,0
1450,0
1451,0
1452,0
1453,0
1454,0
1455,0
1456,0
1457,0
1458,0
1459,0
1460,0
1461,0
1462,0
1463,0
1464,0
1465,0
1466,0
1467,0
1468,0
1469,0
1470,0
1471,0
1472,0
1473,0
1474,0
1475,0
1476,0
1477,0
1478,0
1479,0
1480,0
1481,0
1482,0
1483,1
1484,0
1485,1
1486,1
1487,1
1488,1
1489,1
1490,0
1491,1
1492,1
1493,0
1494,0
1495,0
1496,0
1497,0
1498,0
1499,0
1500,0
1501,0
1502,0
1503,0
1504,0
1505,0
1506,0
1507,0
1508,0
1509,0
1510,0
1511,0
1512,1
1513,0
1514,0
1515,1
1516,0
1517,0
1518,1
1519,0
1520,0
1521,0
1522,0
1523,0
1524,0
1525,0
1526,0
1527,0
1528,0
1529,0
1530,0
1531,0
1532,0
1533,0
1534,0
1535,0
1536,0
1537,1
1538,0
1539,0
1540,0
1541,0
1542,1
1543,0
1544,0
1545,0
1546,0
1547,1
1548,0
1549,0
1550,0
1551,0
1552,1
1553,0
1554,0
1555,0
1556,1
1557,0
1558,0
1559,0
1560,0
1561,0
1562,0
1563,0
1564,0
1565,0
1566,0
1567,0
1568,0
1569,0
1570,0
1571,0
1572,0
1573,0
1574,0
1575,1
1576,0
1577,0
1578,0
1579,0
1580,0
1581,0
1582,1
1583,1
1584,1
1585,0
1586,0
1587,0
1588,0
1589,0
1590,0
1591,0
1592,0
1593,0
1594,0
1595,0
1596,0
1597,0
1598,0
1599,0
1600,0
1601,0
1602,0
1603,0
1604,0
1605,1
1606,0
1607,0
1608,1
1609,0
1610,0
1611,0
1612,0
1613,0
1614,0
1615,0
1616,0
1617,0
1618,0
1619,0
1620,0
1621,0
1622,0
1623,0
1624,0
1625,0
1626,0
1627,0
1628,0
1629,0
1630,0
1631,0
1632,0
1633,0
1634,0
1635,0
1636,0
1637,0
1638,0
1639,0
1640,0
1641,0
1642,0
1643,0
1644,0
1645,0
1646,0
1647,0
1648,0
1649,0
1650,0
1651,0
1652,0
1653,0
1654,0
1655,0
1656,0
1657,0
1658,0
1659,0
1660,0
1661,0
1662,0
1663,0
1664,0
1665,1
1666,0
1667,0
1668,0
1669,0
1670,0
1671,0
1672,0
1673,0
1674,0
1675,0
1676,0
1677,0
1678,0
1679,0
1680,0
1681,0
1682,0
1683,0
1684,0
1685,0
1686,0
1687,0
1688,0
1689,0
1690,0
1691,0
1692,0
1693,0
1694,0
1695,0
1696,0
1697,0
1698,0
1699,0
1700,0
1701,0
1702,0
1703,0
1704,0
1705,0
1706,0
1707,0
1708,0
1709,0
1710,0
1711,0
1712,0
1713,0
1714,0
1715,0
1716,0
1717,0
1718,0
1719,0
1720,0
1721,0
1722,0
1723,0
1724,0
1725,0
1726,0
1727,0
1728,0
1729,1
1730,0
1731,0
1732,0
1733,0
1734,0
1735,0
1736,0
1737,0
1738,0
1739,0
1740,0
1741,0
1742,0
1743,0
1744,0
1745,0
1746,0
1747,0
1748,0
1749,0
1750,0
1751,0
1752,0
1753,0
1754,0
1755,0
1756,0
1757,0
1758,0
1759,0
1760,0
1761,0
1762,0
1763,0
1764,0
1765,0
1766,0
1767,0
1768,0
1769,0
1770,0
1771,0
1772,0
1773,0
1774,0
1775,0
1776,0
1777,0
1778,0
1779,0
1780,0
1781,0
1782,0
1783,0
1784,0
1785,0
1786,0
1787,0
1788,0
1789,0
1790,0
1791,0
1792,0
1793,0
1794,0
1795,0
1796,0
1797,0
1798,0
1799,0
1800,0
1801,0
1802,0
1803,0
1804,0
1805,0
1806,0
1807,0
1808,0
1809,0
1810,0
1811,0
1812,0
1813,0
1814,0
1815,0
1816,0
1817,0
1818,0
1819,0
1820,0
1821,0
1822,0
1823,0
1824,0
1825,0
1826,0
1827,0
1828,0
1829,0
1830,0
1831,0
1832,0
1833,0
1834,0
1835,0
1836,0
1837,0
1838,0
1839,0
1840,0
1841,0
1842,0
1843,0
1844,0
1845,0
1846,0
1847,0
1848,0
1849,0
1850,1
1851,0
1852,0
1853,0
1854,0
1855,0
1856,0
1857,0
1858,0
1859,0
1860,0
1861,0
1862,0
1863,0
1864,0
1865,0
1866,0
1867,0
1868,0
1869,0
1870,0
1871,0
1872,0
1873,0
1874,0
1875,0
1876,0
1877,0
1878,1
1879,0
1880,0
1881,0
1882,0
1883,0
1884,0
1885,0
1886,1
1887,0
1888,0
1889,0
1890,0
1891,0
1892,0
1893,0
1894,0
1895,0
1896,1
1897,1
1898,1
1899,0
1900,0
1901,0
1902,0
1903,0
1904,1
1905,0
1906,0
1907,1
1908,1
1909,1
1910,1
1911,0
1912,0
1913,1
1914,0
1915,0
1916,0
1917,0
1918,0
1919,0
1920,0
1921,0
1922,0
1923,0
1924,0
1925,0
1926,0
1927,0
1928,0
1929,0
1930,0
1931,0
1932,0
1933,0
1934,0
1935,0
1936,0
1937,0
1938,0
1939,0
1940,0
1941,0
1942,0
1943,0
1944,0
1945,1
1946,0
1947,0
1948,0
1949,0
1950,0
1951,0
1952,0
1953,0
1954,0
1955,0
1956,0
1957,0
1958,0
1959,0
1960,0
1961,0
1962,0
1963,0
1964,0
1965,0
1966,0
1967,0
1968,0
1969,0
1970,0
1971,0
1972,0
1973,0
1974,0
1975,0
1976,0
1977,0
1978,0
1979,0
1980,1
1981,0
1982,0
1983,0
1984,0
1985,0
1986,0
1987,0
1988,0
1989,0
1990,0
1991,0
1992,0
1993,0
1994,0
1995,0
1996,0
1997,0
1998,0
1999,0
2000,0
2001,0
2002,0
2003,0
2004,0
2005,0
2006,0
2007,0
2008,0
2009,0
2010,0
2011,0
2012,0
2013,0
2014,0
2015,0
2016,0
2017,0
2018,0
2019,0
2020,1
2021,0
2022,1
2023,1
2024,0
2025,0
2026,0
2027,1
2028,1
2029,1
2030,0
2031,0
2032,0
2033,0
2034,0
2035,0
2036,0
2037,0
2038,0
2039,0
2040,0
2041,0
2042,0
2043,0
2044,0
2045,0
2046,1
2047,0
2048,0
2049,1
2050,0
2051,0
2052,0
2053,0
2054,1
2055,0
2056,0
2057,0
2058,1
2059,0
2060,0
2061,0
2062,0
2063,0
2064,0
2065,0
2066,0
2067,0
2068,0
2069,0
2070,0
2071,0
2072,0
2073,1
2074,0
2075,0
2076,0
2077,0
2078,0
2079,1
2080,0
2081,0
2082,0
2083,0
2084,0
2085,0
2086,0
2087,0
2088,1
2089,0
2090,1
2091,0
2092,0
2093,0
2094,0
2095,0
2096,1
2097,0
2098,0
2099,0
2100,0
2101,0
2102,1
2103,1
2104,1
2105,1
2106,0
2107,1
2108,0
2109,0
2110,0
2111,0
2112,0
2113,0
2114,0
2115,1
2116,0
2117,0
2118,0
2119,0
2120,0
2121,1
2122,0
2123,0
2124,0
2125,0
2126,0
2127,0
2128,0
2129,0
2130,0
2131,0
2132,0
2133,0
2134,0
2135,0
2136,0
2137,1
2138,0
2139,0
2140,0
2141,0
2142,0
2143,0
2144,1
2145,0
2146,0
2147,0
2148,0
2149,0
2150,0
2151,0
2152,0
2153,0
2154,0
2155,0
2156,0
2157,1
2158,0
2159,0
2160,0
2161,0
2162,0
2163,0
2164,0
2165,0
2166,0
2167,0
2168,0
2169,0
2170,0
2171,0
2172,0
2173,0
2174,0
2175,1
2176,0
2177,0
2178,0
2179,0
2180,0
2181,0
2182,0
2183,0
2184,0
2185,0
2186,0
2187,1
2188,0
2189,0
2190,0
2191,0
2192,0
2193,0
2194,0
2195,0
2196,0
2197,1
2198,0
2199,0
2200,0
2201,0
2202,0
2203,0
2204,0
2205,0
2206,1
2207,0
2208,0
2209,0
2210,0
2211,0
2212,1
2213,0
2214,0
2215,0
2216,0
2217,0
2218,0
2219,0
2220,0
2221,0
2222,0
2223,1
2224,0
2225,0
2226,0
2227,0
2228,0
2229,0
2230,0
2231,0
2232,0
2233,0
2234,1
2235,1
2236,0
2237,0
2238,0
2239,1
2240,0
2241,0
2242,0
2243,0
2244,0
2245,0
2246,0
2247,0
2248,0
2249,1
2250,0
2251,0
2252,0
2253,0
2254,0
2255,0
2256,0
2257,0
2258,0
2259,0
2260,1
2261,0
2262,0
2263,0
2264,0
2265,0
2266,0
2267,0
2268,0
2269,0
2270,0
2271,0
2272,0
2273,0
2274,1
2275,0
2276,0
2277,1
2278,0
2279,0
2280,0
2281,0
2282,0
2283,0
2284,0
2285,0
2286,0
2287,0
2288,0
2289,0
2290,0
2291,1
2292,0
2293,0
2294,0
2295,0
2296,1
2297,0
2298,0
2299,0
2300,1
2301,0
2302,0
2303,0
2304,0
2305,0
2306,0
2307,0
2308,0
2309,1
2310,0
2311,0
2312,0
2313,0
2314,0
2315,0
2316,0
2317,0
2318,0
2319,0
2320,0
2321,0
2322,0
2323,0
2324,0
2325,0
2326,0
2327,0
2328,1
2329,0
2330,0
2331,0
2332,0
2333,0
2334,1
2335,0
2336,0
2337,0
2338,0
2339,0
2340,0
2341,0
2342,0
2343,0
2344,0
2345,0
2346,0
2347,0
2348,0
2349,0
2350,0
2351,0
2352,1
2353,0
2354,0
2355,0
2356,0
2357,0
2358,0
2359,0
2360,0
2361,0
2362,0
2363,1
2364,0
2365,0
2366,0
2367,0
2368,1
2369,0
2370,0
2371,0
2372,0
2373,0
2374,0
2375,0
2376,0
2377,0
2378,0
2379,0
2380,0
2381,0
2382,0
2383,0
2384,0
2385,0
2386,0
2387,0
2388,0
2389,0
2390,0
2391,0
2392,0
2393,0
2394,0
2395,0
2396,1
2397,0
2398,0
2399,0
2400,1
2401,0
2402,1
2403,0
2404,1
2405,0
2406,0
2407,0
2408,0
2409,0
2410,0
2411,0
2412,0
2413,0
2414,0
2415,0
2416,1
2417,0
2418,0
2419,0
2420,0
2421,1
2422,0
2423,0
2424,0
2425,0
2426,0
2427,0
2428,0
2429,0
2430,0
2431,0
2432,0
2433,0
2434,0
2435,0
2436,0
2437,0
2438,1
2439,1
2440,0
2441,0
2442,0
2443,0
2444,0
2445,1
2446,0
2447,1
2448,0
2449,0
2450,0
2451,0
2452,0
2453,1
2454,0
2455,0
2456,0
2457,0
2458,0
2459,0
2460,1
2461,0
2462,0
2463,0
2464,0
2465,0
2466,0
2467,0
2468,0
2469,0
2470,1
2471,0
2472,0
2473,0
2474,0
2475,0
2476,0
2477,0
2478,0
2479,0
2480,0
2481,0
2482,0
2483,0
2484,0
2485,0
2486,0
2487,0
2488,0
2489,0
2490,0
2491,0
2492,0
2493,0
2494,0
2495,0
2496,0
2497,0
2498,0
2499,0
2500,0
2501,0
2502,0
2503,0
2504,0
2505,0
2506,1
2507,0
2508,0
2509,0
2510,0
2511,1
2512,0
2513,1
2514,0
2515,0
2516,0
2517,1
2518,0
2519,0
2520,0
2521,0
2522,0
2523,0
2524,1
2525,0
2526,0
2527,0
2528,0
2529,0
2530,0
2531,1
2532,0
2533,0
2534,0
2535,0
2536,0
2537,0
2538,0
2539,0
2540,0
2541,0
2542,0
2543,0
2544,0
2545,0
2546,0
2547,0
2548,0
2549,0
2550,0
2551,0
2552,0
2553,0
2554,0
2555,0
2556,0
2557,0
2558,0
2559,0
2560,1
2561,0
2562,0
2563,0
2564,0
2565,0
2566,0
2567,0
2568,0
2569,0
2570,0
2571,0
2572,0
2573,0
2574,0
2575,0
2576,0
2577,0
2578,0
2579,0
2580,0
2581,0
2582,0
2583,0
2584,0
2585,0
2586,0
2587,0
2588,0
2589,0
2590,0
2591,0
2592,0
2593,0
2594,0
2595,0
2596,0
2597,0
2598,0
2599,0
2600,0
2601,0
2602,0
2603,0
2604,0
2605,0
2606,0
2607,0
2608,0
2609,0
2610,0
2611,0
2612,0
2613,0
2614,0
2615,0
2616,0
2617,0
2618,1
2619,0
2620,0
2621,0
2622,0
2623,0
2624,1
2625,1
2626,0
2627,0
2628,1
2629,0
2630,0
2631,1
2632,0
2633,1
2634,1
2635,1
2636,0
2637,1
2638,0
2639,0
2640,0
2641,1
2642,1
2643,0
2644,1
2645,0
2646,0
2647,1
2648,0
2649,0
2650,0
2651,1
2652,1
2653,0
2654,0
2655,1
2656,0
2657,0
2658,0
2659,0
2660,1
2661,0
2662,1
2663,1
2664,1
2665,1
2666,1
2667,1
2668,1
2669,1
2670,1
2671,1
2672,1
2673,1
2674,0
2675,1
2676,1
2677,1
2678,1
2679,1
2680,1
2681,1
2682,0
2683,1
2684,1
2685,1
2686,1
2687,1
2688,1
2689,1
2690,1
2691,1
2692,1
2693,0
2694,1
2695,0
2696,1
2697,1
2698,0
2699,1
2700,1
2701,1
2702,1
2703,1
2704,1
2705,0
2706,0
2707,1
2708,0
2709,0
2710,1
2711,0
2712,1
2713,1
2714,1
2715,1
2716,1
2717,1
2718,1
2719,1
2720,1
2721,1
2722,1
2723,1
2724,1
2725,1
2726,0
2727,0
2728,1
2729,1
2730,1
2731,1
2732,0
2733,1
2734,1
2735,1
2736,1
2737,0
2738,0
2739,1
2740,1
2741,1
2742,1
2743,1
2744,0
2745,1
2746,1
2747,1
2748,1
2749,0
2750,0
2751,0
2752,0
2753,1
2754,1
2755,1
2756,1
2757,1
2758,1
2759,0
2760,0
2761,1
2762,0
2763,0
2764,1
2765,1
2766,1
2767,1
2768,1
2769,1
2770,1
2771,1
2772,0
2773,1
2774,0
2775,1
2776,0
2777,1
2778,0
2779,0
2780,0
2781,1
2782,1
2783,1
2784,1
2785,0
2786,1
2787,1
2788,1
2789,1
2790,0
2791,0
2792,1
2793,1
2794,0
2795,1
2796,0
2797,1
2798,0
2799,0
2800,1
2801,1
2802,1
2803,0
2804,1
2805,1
2806,1
2807,1
2808,1
2809,1
2810,1
2811,1
2812,1
2813,1
2814,0
2815,1
2816,0
2817,0
2818,0
2819,1
2820,0
2821,1
2822,1
2823,1
2824,1
2825,0
2826,1
2827,1
2828,1
2829,0
2830,0
2831,0
2832,0
2833,1
2834,0
2835,1
2836,1
2837,1
2838,1
2839,1
2840,1
2841,1
2842,0
2843,0
2844,0
2845,1
2846,1
2847,1
2848,1
2849,1
2850,1
2851,1
2852,1
2853,1
2854,1
2855,1
2856,1
2857,1
2858,1
2859,1
2860,0
2861,0
2862,0
2863,0
2864,1
2865,1
2866,1
2867,0
2868,1
2869,1
2870,1
2871,1
2872,1
2873,1
2874,1
2875,0
2876,0
2877,0
2878,0
2879,1
2880,0
2881,0
2882,0
2883,1
2884,0
2885,0
2886,1
2887,1
2888,0
2889,0
2890,1
2891,0
2892,0
2893,0
2894,0
2895,1
2896,1
2897,1
2898,1
2899,0
2900,1
2901,0
2902,1
2903,1
2904,1
2905,1
2906,1
2907,1
2908,0
2909,1
2910,1
2911,0
2912,0
2913,0
2914,1
2915,1
2916,1
2917,1
2918,0
2919,0
2920,1
2921,1
2922,1
2923,1
2924,1
2925,0
2926,1
2927,1
2928,0
2929,0
2930,1
2931,1
2932,1
2933,0
2934,0
2935,1
2936,1
2937,0
2938,1
2939,1
2940,1
2941,0
2942,0
2943,1
2944,1
2945,1
2946,1
2947,0
2948,0
2949,0
2950,0
2951,1
2952,1
2953,1
2954,0
2955,1
2956,0
2957,1
2958,1
2959,0
2960,0
2961,0
2962,0
2963,0
2964,0
2965,0
2966,1
2967,0
2968,0
2969,1
2970,1
2971,0
2972,0
2973,1
2974,1
2975,1
2976,1
2977,1
2978,1
2979,1
2980,1
2981,1
2982,1
2983,0
2984,1
2985,0
2986,0
2987,1
2988,1
2989,1
2990,1
2991,1
2992,1
2993,1
2994,1
2995,1
2996,1
2997,0
2998,1
2999,1
3000,1
3001,1
3002,1
3003,1
3004,1
3005,1
3006,1
3007,0
3008,0
3009,0
3010,1
3011,1
3012,0
3013,1
3014,0
3015,0
3016,0
3017,0
3018,1
3019,1
3020,1
3021,0
3022,1
3023,1
3024,1
3025,1
3026,1
3027,1
3028,1
3029,0
3030,0
3031,1
3032,0
3033,0
3034,1
3035,0
3036,0
3037,1
3038,1
3039,0
3040,1
3041,0
3042,0
3043,1
3044,1
3045,1
3046,1
3047,0
3048,1
3049,0
3050,1
3051,0
3052,0
3053,0
3054,1
3055,1
3056,0
3057,0
3058,0
3059,0
3060,1
3061,0
3062,1
3063,0
3064,1
3065,1
3066,0
3067,1
3068,1
3069,1
3070,0
3071,1
3072,0
3073,0
3074,0
3075,1
3076,1
3077,1
3078,1
3079,1
3080,0
3081,1
3082,0
3083,1
3084,0
3085,1
3086,0
3087,0
3088,1
3089,1
3090,1
3091,1
3092,1
3093,1
3094,1
3095,0
3096,0
3097,0
3098,1
3099,0
3100,0
3101,1
3102,1
3103,1
3104,1
3105,0
3106,1
3107,1
3108,0
3109,1
3110,1
3111,1
3112,1
3113,1
3114,1
3115,1
3116,1
3117,1
3118,1
3119,1
3120,1
3121,1
3122,0
3123,0
3124,0
3125,1
3126,0
3127,1
3128,0
3129,0
3130,0
3131,1
3132,1
3133,1
3134,1
3135,0
3136,1
3137,1
3138,0
3139,1
3140,1
3141,0
3142,1
3143,1
3144,1
3145,1
3146,0
3147,1
3148,0
3149,1
3150,1
3151,1
3152,1
3153,1
3154,1
3155,1
3156,0
3157,0
3158,1
3159,1
3160,0
3161,1
3162,0
3163,1
3164,1
3165,1
3166,1
3167,1
3168,0
3169,1
3170,1
3171,1
3172,1
3173,1
3174,1
3175,1
3176,1
3177,1
3178,0
3179,0
3180,1
3181,1
3182,0
3183,0
3184,1
3185,1
3186,1
3187,1
3188,1
3189,0
3190,1
3191,1
3192,0
3193,1
3194,1
3195,1
3196,0
3197,1
3198,0
3199,1
3200,1
3201,0
3202,0
3203,0
3204,0
3205,0
3206,1
3207,0
3208,0
3209,0
3210,1
3211,1
3212,1
3213,1
3214,0
3215,1
3216,0
3217,0
3218,1
3219,0
3220,1
3221,1
3222,1
3223,0
3224,0
3225,0
3226,0
3227,1
3228,1
3229,1
3230,0
3231,1
3232,1
3233,1
3234,1
3235,0
3236,1
3237,1
3238,1
3239,0
3240,0
3241,0
3242,1
3243,1
3244,1
3245,1
3246,0
3247,1
3248,1
3249,0
3250,1
3251,1
3252,0
3253,0
3254,1
3255,0
3256,0
3257,1
3258,0
3259,1
3260,1
3261,1
3262,0
3263,1
3264,1
3265,1
3266,1
3267,1
3268,1
3269,1
3270,1
3271,0
3272,0
3273,1
3274,1
3275,1
3276,0
3277,0
3278,0
3279,0
3280,0
3281,0
3282,1
3283,1
3284,0
3285,1
3286,0
3287,1
3288,1
3289,1
3290,1
3291,0
3292,1
3293,1
3294,1
3295,1
3296,1
3297,0
3298,0
3299,1
3300,1
3301,0
3302,1
3303,1
3304,0
3305,1
3306,0
3307,0
3308,0
3309,0
3310,1
3311,1
3312,0
3313,0
3314,0
3315,0
3316,1
3317,0
3318,0
3319,1
3320,1
3321,1
3322,1
3323,1
3324,0
3325,0
3326,1
3327,0
3328,0
3329,0
3330,1
3331,0
3332,1
3333,0
3334,0
3335,1
3336,1
3337,0
3338,1
3339,0
3340,1
3341,1
3342,0
3343,0
3344,0
3345,1
3346,1
3347,1
3348,0
3349,0
3350,0
3351,1
3352,1
3353,1
3354,0
3355,0
3356,1
3357,0
3358,0
3359,1
3360,1
3361,1
3362,1
3363,1
3364,1
3365,1
3366,1
3367,0
3368,1
3369,1
3370,1
3371,1
3372,1
3373,0
3374,0
3375,0
3376,1
3377,0
3378,0
3379,1
3380,1
3381,0
3382,1
3383,0
3384,1
3385,1
3386,0
3387,0
3388,0
3389,1
3390,0
3391,1
3392,0
3393,0
3394,1
3395,1
3396,0
3397,1
3398,1
3399,0
3400,1
3401,1
3402,1
3403,1
3404,1
3405,1
3406,1
3407,1
3408,0
3409,1
3410,1
3411,0
3412,0
3413,0
3414,0
3415,1
3416,0
3417,0
3418,1
3419,0
3420,1
3421,1
3422,0
3423,0
3424,1
3425,0
3426,1
3427,1
3428,0
3429,0
3430,1
3431,1
3432,1
3433,0
3434,0
3435,0
3436,1
3437,0
3438,0
3439,0
3440,0
3441,0
3442,0
3443,0
3444,0
3445,1
3446,1
3447,1
3448,1
3449,0
3450,0
3451,1
3452,1
3453,0
3454,1
3455,1
3456,0
3457,1
3458,1
3459,0
3460,1
3461,1
3462,1
3463,1
3464,1
3465,1
3466,0
3467,1
3468,0
3469,1
3470,1
3471,1
3472,1
3473,1
3474,1
3475,1
3476,0
3477,1
3478,0
3479,0
3480,0
3481,0
3482,0
3483,0
3484,1
3485,0
3486,0
3487,0
3488,1
3489,1
3490,1
3491,1
3492,1
3493,1
3494,0
3495,0
3496,0
3497,0
3498,0
3499,1
3500,0
3501,0
3502,1
3503,0
3504,1
3505,1
3506,1
3507,1
3508,0
3509,1
3510,0
3511,0
3512,1
3513,0
3514,0
3515,0
3516,1
3517,1
3518,1
3519,0
3520,1
3521,0
3522,0
3523,1
3524,1
3525,1
3526,1
3527,0
3528,1
3529,1
3530,0
3531,1
3532,0
3533,0
3534,1
3535,0
3536,0
3537,0
3538,0
3539,1
3540,0
3541,0
3542,1
3543,1
3544,1
3545,0
3546,1
3547,1
3548,1
3549,1
3550,0
3551,1
3552,1
3553,1
3554,1
3555,1
3556,1
3557,1
3558,1
3559,0
3560,1
3561,1
3562,1
3563,1
3564,1
3565,0
3566,0
3567,1
3568,0
3569,0
3570,1
3571,0
3572,1
3573,1
3574,1
3575,1
3576,0
3577,0
3578,0
3579,0
3580,1
3581,1
3582,0
3583,1
3584,1
3585,1
3586,0
3587,0
3588,0
3589,1
3590,0
3591,1
3592,0
3593,1
3594,0
3595,0
3596,0
3597,0
3598,0
3599,0
3600,1
3601,0
3602,1
3603,1
3604,1
3605,1
3606,1
3607,1
3608,1
3609,0
3610,1
3611,1
3612,0
3613,0
3614,0
3615,0
3616,0
3617,0
3618,0
3619,0
3620,0
3621,0
3622,0
3623,1
3624,0
3625,0
3626,1
3627,1
3628,1
3629,0
3630,1
3631,1
3632,0
3633,0
3634,0
3635,0
3636,1
3637,0
3638,1
3639,1
3640,1
3641,1
3642,1
3643,0
3644,1
3645,0
3646,1
3647,1
3648,1
3649,0
3650,1
3651,0
3652,1
3653,1
3654,1
3655,1
3656,0
3657,1
3658,1
3659,0
3660,1
3661,1
3662,0
3663,0
3664,0
3665,0
3666,0
3667,1
3668,0
3669,1
3670,1
3671,0
3672,0
3673,0
3674,0
3675,0
3676,1
3677,1
3678,0
3679,0
3680,0
3681,0
3682,0
3683,0
3684,1
3685,1
3686,0
3687,1
3688,0
3689,0
3690,0
3691,0
3692,0
3693,0
3694,1
3695,1
3696,1
3697,1
3698,1
3699,0
3700,1
3701,0
3702,0
3703,0
3704,0
3705,1
3706,0
3707,1
3708,0
3709,0
3710,1
3711,1
3712,1
3713,0
3714,0
3715,1
3716,1
3717,0
3718,0
3719,1
3720,1
3721,1
3722,1
3723,0
3724,0
3725,0
3726,1
3727,1
3728,0
3729,0
3730,0
3731,0
3732,1
3733,0
3734,1
3735,1
3736,0
3737,0
3738,1
3739,1
3740,1
3741,0
3742,1
3743,0
3744,0
3745,1
3746,1
3747,0
3748,1
3749,0
3750,0
3751,0
3752,0
3753,0
3754,1
3755,1
3756,1
3757,0
3758,0